{
  "posts": [
    {
      "id": 1,
      "name": "CREAMY MATTE LIPSTICK- 696 BURGUNDY BLUSH",
      "price": "329",
      "brand": "Maybelline",
      "stocks": "100",
      "rating": "4.5",
      "image": "../assets/images/product-1.jpg",
      "description": "Velvety, hydrating matte lipstick goes on in one swipe, Offers a smooth, creamy texture that does not dry and leaves lips looking sensuous Delivers a bold, intense colour that lasts, Smooth matte finish, Comfortable to wear Apply your go-to hue directly to the lips- one swipe should do it! Infused with Shea Butter that nourishes the lips, Available in a variety of trendy matte lipstick shades Contents: 1x Maybelline New York Colour Sensational Creamy Matte Lipstick, Intense Colour, Keeps Lips Moisturised, Shade: 696 Burgundy Blush, 3.9g",
      "discount": "31"
    },
    {
      "id": 2,
      "name": "FLUTTER SECRETS DRAMATIC EYES MASCARA",
      "price": "800",
      "brand": "Lakme",
      "stocks": "1000",
      "rating": "4.6",
      "image": "../assets/images/product-2.webp",
      "description": "Say hello to this revolutionary mascara with long term curl memory formula that gives your lashes volume, colour lots of drama! It's safe for the eyes and a simple solution for dramatic volume and gorgeous lashes.",
      "discount": "20"
    },
    {
      "id": 3,
      "name": "FACE IT, MATTE FINISH POWDER FOR INSTANT GLOW, 9 g PEARL",
      "price": "153",
      "brand": "Lakme",
      "stocks": "10000",
      "rating": "4.2",
      "image": "../assets/images/product-3.webp",
      "description": "Look picture perfect with the Lakmé Face It Compact. Use this dynamic compact by Lakme and get a glowing complexion in an instant. Enriched with skin-replenishing qualities of Vitamin E and C, it adds nourishment to your makeup! This compact keeps skin smooth and soft with its advanced Micromesh and Allantoin complex formula. The Lakmé Face It Compact is available in an easy to carry pack and you can use it even when you are in a hurry! It nourishes and moisturizes your skin, with the advanced Mircromesh technology which gives your face a matte finish, while the Allantoin complex soothes your skin and protects it from pollution. Whether you are heading to work or on a special occasion, this Lakmé Face It Compact is sure to give your face that flawless and gorgeous look every single day. Go buy it now for the perfect addition to your makeup kit. Lakmé is one of India’s leading colour cosmetic brands offering a wide range of high-end, world-class colour cosmetics and skincare products. Lakmé has a vast product range specially crafted by experts for Indian skin. The brand has also been redefining fashion in India for over 15 years with Lakmé Fashion Week, India’s premier fashion event.",
      "discount": "15"
    },
    {
      "id": 4,
      "name": "MAKEUP BRUSHES 16 Pcs SET",
      "price": "3499",
      "brand": "Solve",
      "stocks": "1000",
      "rating": "3.9",
      "image": "../assets/images/product-4.jpg",
      "description": "PREMIUM SYNTHETIC MAKEUP BRUSHES - Made with soft Cruelty-Free Synthetic and Dense synthetic fibers no skin hurting,suitable for even the most sensitive skin, to provide a high definition finish with liquid, powders or cream foundation without any absorption of product and no shedding. COMPLETE SET OF ESSENTIAL MAKEUP BRUSHES FOR makeup lovers from professional to amateur level. Essential brushes are perfect for liquids, powders, or creams to produce a beautiful face and eye makeup application. VERSATILE BRUSH SET - Cover all size and shape of brushes to carve and sculpt the face for flawless dimension. Meeting all your needs with different shapes face brushes. Portable Case Bag Design - Makeup Brush set accompany with you from home to travel. 1 YEAR WARRANTY and 100% money back guarantee. Buy with confidence and you will love it.If you have any problem , feel free to contact us.",
      "discount": "15"
    },
    {
      "id": 5,
      "name": "BODY MIST / DEODORANT",
      "price": "220",
      "brand": "Her Majesty ",
      "stocks": "100",
      "rating": "4",
      "image": "../assets/images/product-5.jpg",
      "description": "A Premium Body Mist Perfume from Cycle Pure Her Majesty Body Mist has Zero-Stain Technology and is Ozone friendly. Fragrance - Pink Blush – Fresh, Charming Fragrance Net Quantity - 135 ml; Item Form - Spray Safe on Skin Fragrances comply with International Fragrance Association (IFRA) standards",
      "discount": "5"
    },
    {
      "id": 6,
      "name": "METALLIC HIGHLIGHTER, BRONZER",
      "price": "699",
      "brand": "Maybelline",
      "stocks": "500",
      "rating": "4.2",
      "image": "../assets/images/product-6.jpg",
      "description": "A compact powder highlighter that gives the skin a bold glow, Perfect for summer glow year round For a sun-kissed, glowing look with a warm metallic sheen finish Define freatures, and highlight your face. To contour, use the narrow side of the brush and apply the bronzer in a “3” shape along the hairline and jawline and under the cheekbones. Infused with reflective pigments to highlight features, Wet Technology for the illussion of a bold glow Contents: 1x Maybelline New York Master Chrome by Face Studio, Metallic Highlighter, Bronzer, Sheen Metallic Finish, Molten Gold, 6.7g",
      "discount": "41"
    }
  ],
  "comments": [],
  "profile": {
    "name": "typicode"
  }
}